{"cameraMode":{"drawMode":0,"name":"Shaded","section":"Shading Mode"},"sceneLighting":true,"audioPlay":false,"sceneViewState":{"showFog":true,"showMaterialUpdate":false,"showSkybox":true,"showFlares":true,"showImageEffects":true,"showParticleSystems":true},"in2DMode":false,"pivot":{"x":34.705596923828128,"y":-32.099151611328128,"z":46.70990753173828},"rotation":{"x":0.36581259965896609,"y":-0.002461332129314542,"z":0.000986970728263259,"w":0.9306848049163818},"size":135.37515258789063,"orthographic":false}